               epoch,      train/box_loss,      train/obj_loss,      train/cls_loss,   metrics/precision,      metrics/recall,     metrics/mAP_0.5,metrics/mAP_0.5:0.95,        val/box_loss,        val/obj_loss,        val/cls_loss,               x/lr0,               x/lr1,               x/lr2
                   0,            0.038609,             0.01709,             0.12014,           0.0035943,             0.89552,            0.010754,           0.0075348,            0.017838,           0.0074929,             0.07596,           0.0033251,           0.0033251,            0.070074
                   1,            0.029106,             0.01336,             0.11903,           0.0036047,             0.93472,            0.011596,           0.0088493,            0.013726,           0.0055725,            0.077076,           0.0066365,           0.0066365,            0.040052
                   2,            0.027654,            0.012885,             0.11857,            0.004593,             0.96387,            0.012196,           0.0081209,            0.017504,           0.0054883,             0.07607,           0.0099258,           0.0099258,            0.010008
                   3,            0.025287,            0.012211,             0.11788,           0.0041839,              0.9828,            0.013359,            0.010376,            0.011183,           0.0047741,            0.075398,            0.009901,            0.009901,            0.009901
                   4,            0.023955,            0.011896,             0.11775,           0.0050146,             0.99546,            0.016382,            0.013222,            0.010073,           0.0035006,            0.075995,            0.009901,            0.009901,            0.009901
                   5,            0.023482,             0.01147,             0.11755,           0.0051001,             0.98865,            0.017243,             0.01401,            0.010122,           0.0035739,            0.075227,            0.009868,            0.009868,            0.009868
                   6,            0.022816,            0.011647,             0.11733,           0.0048839,             0.97492,            0.013081,           0.0099537,            0.013783,           0.0048444,             0.07568,            0.009835,            0.009835,            0.009835
                   7,            0.025969,            0.013427,             0.11771,           0.0050226,             0.98663,            0.013525,            0.010589,            0.012832,           0.0041663,            0.075468,            0.009802,            0.009802,            0.009802
                   8,             0.02407,            0.012272,             0.11745,            0.004998,             0.99397,            0.015703,            0.012476,            0.010916,           0.0035357,            0.075126,            0.009769,            0.009769,            0.009769
                   9,            0.023449,            0.011916,             0.11738,           0.0050268,             0.99382,            0.015535,            0.012388,            0.010419,           0.0036742,            0.075238,            0.009736,            0.009736,            0.009736
                  10,            0.022633,            0.011743,             0.11784,           0.0050187,             0.99252,            0.017493,            0.014238,           0.0094979,            0.003713,            0.074786,            0.009703,            0.009703,            0.009703
                  11,            0.022728,            0.011831,             0.11722,           0.0048306,             0.99398,            0.013723,            0.011525,           0.0092429,           0.0035969,            0.075244,             0.00967,             0.00967,             0.00967
                  12,            0.022542,            0.011719,             0.11697,            0.005003,             0.99667,            0.018706,            0.015693,           0.0084279,           0.0032698,            0.074895,            0.009637,            0.009637,            0.009637
                  13,            0.022696,             0.01172,             0.11707,           0.0050917,             0.82313,           0.0099358,           0.0070376,            0.022234,           0.0070957,            0.078349,            0.009604,            0.009604,            0.009604
                  14,            0.024004,            0.012495,             0.11734,            0.004964,             0.98385,            0.012926,            0.010056,            0.013644,           0.0038631,            0.075445,            0.009571,            0.009571,            0.009571
                  15,            0.022249,            0.011526,             0.11699,           0.0050595,             0.99527,            0.017898,            0.015133,           0.0092864,           0.0032787,            0.075081,            0.009538,            0.009538,            0.009538
                  16,            0.022353,             0.01168,             0.11688,           0.0051541,              0.9624,            0.014963,            0.013269,           0.0090814,           0.0038416,            0.075472,            0.009505,            0.009505,            0.009505
                  17,            0.022317,            0.011619,             0.11677,           0.0050871,             0.98821,            0.015476,            0.013084,           0.0097613,           0.0037543,            0.074924,            0.009472,            0.009472,            0.009472
                  18,              0.0237,            0.012562,             0.11702,           0.0051017,             0.99081,            0.017744,            0.015241,           0.0088628,           0.0033618,            0.074694,            0.009439,            0.009439,            0.009439
                  19,            0.022417,            0.011702,             0.11685,           0.0049948,             0.99617,            0.018674,            0.016038,            0.008586,           0.0034094,            0.074538,            0.009406,            0.009406,            0.009406
                  20,            0.021964,            0.011521,             0.11674,           0.0050865,             0.99667,            0.018113,            0.015629,           0.0081936,           0.0030678,            0.075014,            0.009373,            0.009373,            0.009373
                  21,            0.022387,            0.011922,             0.11668,           0.0051112,             0.99851,             0.02143,            0.018176,           0.0088527,           0.0030934,            0.074633,             0.00934,             0.00934,             0.00934
                  22,            0.021832,            0.011477,             0.11677,           0.0051215,             0.99488,            0.020375,            0.017365,            0.009187,           0.0031661,            0.074283,            0.009307,            0.009307,            0.009307
                  23,            0.021145,            0.011451,             0.11649,           0.0051893,             0.99624,            0.019898,            0.016897,           0.0078161,           0.0030175,            0.074761,            0.009274,            0.009274,            0.009274
                  24,            0.021903,             0.01155,             0.11681,           0.0050615,             0.99731,             0.01916,            0.016237,           0.0085283,           0.0031877,             0.07418,            0.009241,            0.009241,            0.009241
                  25,            0.021929,            0.011606,              0.1165,           0.0050816,             0.99309,            0.020159,             0.01741,           0.0087251,           0.0031704,            0.073673,            0.009208,            0.009208,            0.009208
                  26,            0.021599,            0.011433,             0.11653,           0.0050815,             0.99603,            0.022458,            0.019645,           0.0081873,           0.0030613,            0.073799,            0.009175,            0.009175,            0.009175
                  27,            0.021483,            0.011403,             0.11638,           0.0052618,             0.99496,            0.021487,            0.018004,           0.0074667,           0.0030138,            0.074157,            0.009142,            0.009142,            0.009142
                  28,            0.021632,            0.011398,             0.11635,           0.0051367,             0.99628,            0.023098,            0.020107,           0.0082673,           0.0031676,            0.073451,            0.009109,            0.009109,            0.009109
                  29,            0.021342,            0.011388,             0.11623,           0.0052169,             0.99705,            0.022709,            0.019392,           0.0076417,            0.003013,             0.07309,            0.009076,            0.009076,            0.009076
                  30,            0.021554,            0.011499,             0.11569,           0.0052392,             0.99722,            0.024465,            0.020866,           0.0080947,            0.003047,            0.072612,            0.009043,            0.009043,            0.009043
                  31,            0.022064,            0.011924,             0.11568,           0.0052917,             0.99587,            0.024457,            0.021365,           0.0079487,           0.0029462,              0.0723,             0.00901,             0.00901,             0.00901
                  32,            0.021466,            0.011488,             0.11511,           0.0056262,             0.99795,            0.030177,            0.026277,           0.0078569,           0.0029798,            0.070886,            0.008977,            0.008977,            0.008977
                  33,            0.021182,            0.011388,             0.11448,           0.0058816,             0.99756,            0.031321,            0.027351,           0.0076189,           0.0028649,            0.069709,            0.008944,            0.008944,            0.008944
                  34,            0.021612,            0.011439,              0.1139,           0.0060087,             0.99486,            0.034728,            0.030317,            0.007751,           0.0029442,            0.069657,            0.008911,            0.008911,            0.008911
                  35,            0.021273,             0.01141,             0.11331,           0.0064499,             0.99491,             0.03498,            0.030457,           0.0073955,           0.0028486,             0.06911,            0.008878,            0.008878,            0.008878
                  36,            0.021455,            0.011371,             0.11334,           0.0062239,             0.99762,            0.036277,            0.031451,           0.0074793,           0.0028208,             0.06873,            0.008845,            0.008845,            0.008845
                  37,            0.021439,            0.011473,             0.11293,           0.0062753,             0.99715,            0.036466,            0.031393,           0.0074687,           0.0028239,             0.06871,            0.008812,            0.008812,            0.008812
                  38,            0.021147,            0.011446,             0.11276,           0.0063358,              0.9983,            0.038885,            0.033393,           0.0073005,           0.0027517,            0.068644,            0.008779,            0.008779,            0.008779
                  39,            0.021423,            0.011288,             0.11256,           0.0064478,             0.99773,            0.038153,            0.033101,           0.0073196,           0.0027619,            0.068482,            0.008746,            0.008746,            0.008746
                  40,            0.021476,            0.011337,             0.11242,            0.006413,             0.99864,            0.039358,             0.03396,            0.007137,           0.0027647,            0.068436,            0.008713,            0.008713,            0.008713
                  41,            0.021285,            0.011227,             0.11221,           0.0065982,             0.99787,            0.038931,            0.033616,           0.0072269,           0.0028024,            0.068338,             0.00868,             0.00868,             0.00868
                  42,            0.021455,            0.011229,             0.11198,           0.0065582,             0.99787,            0.038567,            0.033181,           0.0073296,           0.0027491,            0.068279,            0.008647,            0.008647,            0.008647
                  43,            0.021309,            0.011248,             0.11183,           0.0065336,              0.9983,            0.040231,            0.034597,           0.0071433,           0.0027847,            0.068333,            0.008614,            0.008614,            0.008614
                  44,            0.020627,            0.011257,             0.11172,           0.0066123,             0.99779,            0.040569,            0.035398,           0.0071516,           0.0027312,            0.068075,            0.008581,            0.008581,            0.008581
                  45,            0.021013,            0.011156,             0.11139,           0.0066805,              0.9983,            0.038764,            0.033597,           0.0073346,           0.0028088,            0.068228,            0.008548,            0.008548,            0.008548
                  46,            0.020731,            0.011175,             0.11154,           0.0067949,              0.9983,            0.038033,            0.032898,           0.0070955,           0.0027382,            0.067773,            0.008515,            0.008515,            0.008515
                  47,            0.020829,            0.011142,             0.11109,           0.0068352,              0.9983,            0.039841,            0.034342,           0.0071304,           0.0027484,            0.067782,            0.008482,            0.008482,            0.008482
                  48,            0.021022,            0.011142,             0.11126,           0.0068047,             0.99766,            0.040939,            0.035456,           0.0070416,           0.0027857,            0.067649,            0.008449,            0.008449,            0.008449
                  49,            0.020563,            0.011168,             0.11087,           0.0068154,              0.9983,            0.040197,            0.035155,           0.0069816,            0.002765,            0.067471,            0.008416,            0.008416,            0.008416
                  50,            0.020904,            0.011112,             0.11088,           0.0069379,             0.99779,            0.039065,             0.03398,           0.0070518,           0.0026935,            0.067314,            0.008383,            0.008383,            0.008383
                  51,            0.020387,            0.010966,             0.11078,           0.0069578,             0.99722,            0.041356,            0.036308,           0.0069409,           0.0026731,            0.067073,             0.00835,             0.00835,             0.00835
                  52,            0.020689,            0.011145,             0.11073,           0.0069468,              0.9983,            0.042568,            0.037539,           0.0069046,           0.0027039,            0.067139,            0.008317,            0.008317,            0.008317
                  53,            0.020482,            0.011176,             0.11076,           0.0070021,              0.9983,             0.04464,             0.03919,           0.0069074,           0.0026597,            0.066947,            0.008284,            0.008284,            0.008284
                  54,            0.020754,            0.011086,             0.11023,           0.0070252,             0.99766,            0.043822,            0.038497,           0.0070023,           0.0026213,            0.066521,            0.008251,            0.008251,            0.008251
                  55,            0.020347,            0.011053,             0.11032,           0.0070794,             0.99709,             0.04627,            0.040715,            0.007112,           0.0026623,            0.066482,            0.008218,            0.008218,            0.008218
                  56,            0.020517,            0.011013,             0.11019,           0.0071103,             0.99773,            0.047741,            0.042029,           0.0070725,           0.0026433,            0.066527,            0.008185,            0.008185,            0.008185
                  57,             0.02017,            0.010898,             0.10998,           0.0071604,             0.99773,            0.046508,             0.04062,           0.0069897,           0.0026208,            0.066412,            0.008152,            0.008152,            0.008152
                  58,            0.020544,            0.011038,             0.11017,           0.0071802,             0.99773,             0.04998,            0.044091,           0.0069847,           0.0026417,            0.066363,            0.008119,            0.008119,            0.008119
                  59,            0.020728,            0.011075,             0.11018,           0.0072078,             0.99773,            0.048366,            0.042446,            0.007022,            0.002644,            0.066479,            0.008086,            0.008086,            0.008086
                  60,             0.02055,            0.010962,             0.10978,           0.0071998,             0.99773,            0.047796,            0.041975,           0.0070008,           0.0026413,            0.066211,            0.008053,            0.008053,            0.008053
                  61,            0.020435,            0.010936,             0.10992,           0.0072338,             0.99773,            0.049294,            0.043401,           0.0068894,           0.0026341,            0.066263,             0.00802,             0.00802,             0.00802
                  62,            0.020134,            0.010896,             0.11003,           0.0072747,              0.9983,            0.049977,            0.044145,           0.0068587,           0.0026345,            0.066214,            0.007987,            0.007987,            0.007987
                  63,            0.020256,            0.010921,             0.10964,           0.0072775,              0.9983,            0.049711,            0.043972,           0.0068509,           0.0026476,            0.066035,            0.007954,            0.007954,            0.007954
                  64,            0.020145,            0.010903,             0.10972,           0.0072866,             0.99773,            0.051679,            0.045751,           0.0068955,           0.0026404,            0.066017,            0.007921,            0.007921,            0.007921
                  65,             0.01996,            0.010815,             0.10959,           0.0072957,             0.99773,            0.050092,            0.044305,           0.0068893,           0.0026373,            0.065865,            0.007888,            0.007888,            0.007888
                  66,              0.0204,            0.010964,             0.10929,           0.0073224,             0.99773,            0.049092,            0.043507,           0.0068934,           0.0026391,            0.065824,            0.007855,            0.007855,            0.007855
                  67,             0.02017,            0.010944,             0.10951,           0.0073391,             0.99773,            0.050625,            0.044892,           0.0068778,           0.0026434,            0.065717,            0.007822,            0.007822,            0.007822
                  68,            0.020141,            0.010979,             0.10957,            0.007358,             0.99773,            0.050083,            0.044357,           0.0069188,           0.0026428,            0.065696,            0.007789,            0.007789,            0.007789
                  69,            0.020455,            0.010943,             0.10948,           0.0073671,             0.99773,            0.050225,            0.044245,           0.0069329,           0.0026389,            0.065662,            0.007756,            0.007756,            0.007756
                  70,             0.01999,            0.010914,             0.10928,           0.0073788,             0.99773,            0.051095,            0.045041,           0.0069256,           0.0026351,            0.065585,            0.007723,            0.007723,            0.007723
                  71,            0.020552,            0.010907,             0.10932,           0.0074053,             0.99773,            0.052609,            0.046435,             0.00691,           0.0026421,            0.065541,             0.00769,             0.00769,             0.00769
                  72,            0.020217,             0.01082,             0.10938,           0.0074184,             0.99773,            0.053888,            0.047553,           0.0069271,           0.0026413,            0.065477,            0.007657,            0.007657,            0.007657
                  73,            0.019957,            0.010733,             0.10946,           0.0074353,             0.99773,             0.05514,            0.048826,           0.0068921,           0.0026394,            0.065425,            0.007624,            0.007624,            0.007624
                  74,            0.019947,            0.010755,             0.10891,           0.0074543,             0.99773,            0.054822,             0.04859,           0.0068958,           0.0026303,            0.065416,            0.007591,            0.007591,            0.007591
                  75,            0.019764,            0.010742,              0.1089,           0.0074782,             0.99773,             0.05431,            0.048089,           0.0068996,           0.0026299,            0.065431,            0.007558,            0.007558,            0.007558
                  76,             0.01979,            0.010799,             0.10899,           0.0074915,             0.99773,            0.054725,            0.048512,           0.0068969,           0.0026326,            0.065391,            0.007525,            0.007525,            0.007525
                  77,            0.019685,            0.010819,             0.10906,           0.0075043,             0.99858,            0.054853,            0.048521,           0.0068973,           0.0026379,            0.065344,            0.007492,            0.007492,            0.007492
                  78,            0.019681,            0.010851,             0.10891,           0.0075176,             0.99858,            0.055248,            0.048819,           0.0068941,           0.0026433,            0.065318,            0.007459,            0.007459,            0.007459
                  79,            0.019781,            0.010805,             0.10896,           0.0075285,             0.99858,            0.055333,            0.048901,           0.0068966,           0.0026422,            0.065349,            0.007426,            0.007426,            0.007426
                  80,            0.019812,            0.010824,              0.1088,           0.0075375,             0.99858,            0.054964,            0.048489,           0.0068994,           0.0026504,            0.065292,            0.007393,            0.007393,            0.007393
                  81,            0.019823,            0.010734,             0.10897,           0.0075469,             0.99858,            0.055631,            0.049081,           0.0068914,           0.0026489,            0.065262,             0.00736,             0.00736,             0.00736
                  82,             0.01988,            0.010824,             0.10878,           0.0075605,             0.99858,            0.055753,            0.049196,           0.0068952,            0.002648,            0.065275,            0.007327,            0.007327,            0.007327
                  83,            0.019957,            0.010906,             0.10875,           0.0075714,             0.99858,            0.055543,            0.048979,           0.0069001,           0.0026506,             0.06525,            0.007294,            0.007294,            0.007294
                  84,            0.019901,            0.010713,             0.10882,           0.0075895,             0.99858,             0.05617,            0.049571,           0.0068985,           0.0026507,            0.065233,            0.007261,            0.007261,            0.007261
                  85,            0.019675,            0.010889,             0.10888,           0.0076017,             0.99858,            0.056882,            0.050238,           0.0068969,           0.0026555,            0.065215,            0.007228,            0.007228,            0.007228
                  86,            0.019947,            0.010821,             0.10868,           0.0076133,             0.99858,            0.055774,              0.0494,           0.0069055,           0.0026589,             0.06521,            0.007195,            0.007195,            0.007195
                  87,             0.01965,            0.010721,             0.10851,           0.0076206,             0.99858,            0.055841,            0.049446,           0.0069168,           0.0026618,             0.06517,            0.007162,            0.007162,            0.007162
                  88,             0.01942,            0.010693,             0.10813,           0.0076327,             0.99858,            0.055933,            0.049593,           0.0069245,           0.0026646,            0.065155,            0.007129,            0.007129,            0.007129
                  89,            0.019469,            0.010594,             0.10839,           0.0076403,             0.99858,            0.055703,            0.049396,           0.0069314,            0.002666,            0.065138,            0.007096,            0.007096,            0.007096
                  90,            0.019815,            0.010742,             0.10843,           0.0076491,             0.99858,            0.056359,             0.04999,           0.0069434,           0.0026682,            0.065124,            0.007063,            0.007063,            0.007063
                  91,            0.019691,            0.010637,             0.10833,            0.007663,             0.99858,            0.056489,            0.050071,           0.0069414,           0.0026681,            0.065113,             0.00703,             0.00703,             0.00703
                  92,            0.019682,            0.010725,             0.10857,           0.0076678,             0.99858,            0.056319,            0.049945,           0.0069414,           0.0026695,            0.065071,            0.006997,            0.006997,            0.006997
                  93,            0.019838,            0.010717,             0.10832,           0.0076803,             0.99858,            0.057743,            0.051251,           0.0069425,           0.0026705,            0.065034,            0.006964,            0.006964,            0.006964
                  94,            0.019527,            0.010606,             0.10799,           0.0076858,             0.99858,            0.057657,            0.051068,           0.0069513,           0.0026714,            0.065003,            0.006931,            0.006931,            0.006931
                  95,            0.019772,            0.010699,             0.10815,           0.0076907,             0.99858,            0.057665,            0.051051,           0.0069541,           0.0026724,            0.064968,            0.006898,            0.006898,            0.006898
                  96,            0.019626,            0.010688,              0.1083,           0.0076981,             0.99858,             0.05791,            0.051311,           0.0069538,           0.0026735,            0.064938,            0.006865,            0.006865,            0.006865
                  97,            0.019678,            0.010693,             0.10843,           0.0077041,             0.99858,             0.05829,            0.051626,           0.0069641,           0.0026734,            0.064909,            0.006832,            0.006832,            0.006832
                  98,            0.019745,             0.01062,             0.10828,           0.0077062,             0.99858,             0.05887,            0.052111,           0.0069706,           0.0026747,             0.06489,            0.006799,            0.006799,            0.006799
                  99,            0.019481,            0.010702,             0.10805,           0.0077081,             0.99858,            0.058536,            0.051868,           0.0069789,            0.002676,            0.064859,            0.006766,            0.006766,            0.006766
                 100,            0.019153,              0.0106,             0.10773,           0.0077124,             0.99858,            0.059815,            0.052913,           0.0069868,           0.0026793,            0.064837,            0.006733,            0.006733,            0.006733
                 101,            0.019372,            0.010618,             0.10779,           0.0077121,             0.99858,            0.060443,            0.053413,            0.007001,           0.0026818,            0.064813,              0.0067,              0.0067,              0.0067
                 102,             0.01945,            0.010546,             0.10809,           0.0077119,             0.99858,             0.06054,            0.053414,           0.0070121,           0.0026849,            0.064786,            0.006667,            0.006667,            0.006667
                 103,            0.019525,            0.010623,             0.10771,           0.0077102,             0.99858,            0.060593,            0.053445,           0.0070231,           0.0026892,            0.064751,            0.006634,            0.006634,            0.006634
                 104,            0.019187,            0.010483,             0.10781,           0.0077111,             0.99858,            0.060777,            0.053559,            0.007029,           0.0026924,            0.064732,            0.006601,            0.006601,            0.006601
                 105,            0.019291,            0.010524,             0.10769,           0.0077124,             0.99858,            0.061892,            0.054547,           0.0070438,           0.0026952,            0.064714,            0.006568,            0.006568,            0.006568
                 106,            0.019331,             0.01053,             0.10752,           0.0077104,             0.99858,            0.060309,            0.053022,           0.0070504,           0.0026982,            0.064704,            0.006535,            0.006535,            0.006535
                 107,            0.019671,             0.01069,             0.10762,           0.0077087,             0.99858,            0.060374,            0.053061,           0.0070605,           0.0027003,            0.064694,            0.006502,            0.006502,            0.006502
                 108,            0.019119,            0.010505,             0.10755,           0.0077131,             0.99858,            0.060551,            0.053203,           0.0070731,           0.0027036,            0.064693,            0.006469,            0.006469,            0.006469
                 109,            0.019136,            0.010491,             0.10737,           0.0077124,             0.99858,            0.060605,            0.053209,            0.007083,           0.0027048,             0.06469,            0.006436,            0.006436,            0.006436
                 110,            0.019228,            0.010507,             0.10769,           0.0077134,             0.99858,            0.060173,            0.052709,           0.0070949,           0.0027064,            0.064696,            0.006403,            0.006403,            0.006403
                 111,            0.019479,            0.010564,             0.10767,            0.007712,             0.99858,            0.060984,            0.053475,           0.0071065,           0.0027084,            0.064699,             0.00637,             0.00637,             0.00637
                 112,              0.0193,            0.010557,             0.10715,            0.007708,             0.99858,            0.060712,            0.053252,           0.0071216,           0.0027121,            0.064706,            0.006337,            0.006337,            0.006337
                 113,            0.018854,            0.010497,             0.10737,           0.0077064,             0.99858,            0.061428,            0.053894,           0.0071286,           0.0027138,            0.064711,            0.006304,            0.006304,            0.006304
                 114,            0.019223,            0.010562,              0.1072,           0.0077015,             0.99858,             0.06121,            0.053765,            0.007136,           0.0027164,            0.064713,            0.006271,            0.006271,            0.006271
                 115,            0.018987,            0.010512,             0.10712,           0.0076993,             0.99858,            0.061173,            0.053745,           0.0071391,           0.0027186,            0.064732,            0.006238,            0.006238,            0.006238
                 116,             0.01933,              0.0106,             0.10724,           0.0077006,             0.99858,            0.060931,            0.053561,           0.0071477,           0.0027214,            0.064752,            0.006205,            0.006205,            0.006205
                 117,            0.018871,            0.010458,             0.10737,           0.0076984,             0.99858,             0.06084,            0.053417,           0.0071581,           0.0027265,            0.064766,            0.006172,            0.006172,            0.006172
                 118,            0.019126,            0.010361,             0.10697,           0.0076931,             0.99858,            0.061302,            0.053831,           0.0071644,           0.0027313,            0.064795,            0.006139,            0.006139,            0.006139
                 119,             0.01909,            0.010419,             0.10698,           0.0076904,             0.99858,            0.061222,            0.053834,           0.0071771,            0.002735,            0.064809,            0.006106,            0.006106,            0.006106
                 120,            0.019114,            0.010515,             0.10681,           0.0076882,             0.99858,            0.060686,            0.053305,           0.0071961,           0.0027388,            0.064832,            0.006073,            0.006073,            0.006073
                 121,            0.018821,            0.010474,             0.10681,           0.0076915,             0.99858,            0.060997,            0.053635,           0.0072067,           0.0027415,            0.064852,             0.00604,             0.00604,             0.00604
                 122,            0.019144,            0.010518,             0.10669,           0.0076911,             0.99858,            0.061276,             0.05377,           0.0072212,           0.0027449,            0.064883,            0.006007,            0.006007,            0.006007
                 123,            0.018681,            0.010435,             0.10662,           0.0076948,             0.99858,            0.060831,            0.053331,           0.0072333,           0.0027477,            0.064904,            0.005974,            0.005974,            0.005974
                 124,            0.018861,            0.010384,             0.10653,           0.0076976,             0.99807,            0.060158,            0.052507,           0.0072519,            0.002752,             0.06494,            0.005941,            0.005941,            0.005941
                 125,            0.018793,            0.010321,             0.10645,           0.0076955,             0.99807,            0.060126,             0.05241,           0.0072694,           0.0027564,             0.06498,            0.005908,            0.005908,            0.005908
                 126,            0.018806,            0.010473,             0.10661,           0.0076955,             0.99807,            0.059879,            0.052096,           0.0072878,           0.0027633,            0.065023,            0.005875,            0.005875,            0.005875
                 127,            0.018912,            0.010452,             0.10642,           0.0076974,             0.99807,            0.059631,            0.051811,            0.007317,           0.0027708,            0.065078,            0.005842,            0.005842,            0.005842
                 128,             0.01872,            0.010372,             0.10656,           0.0076982,             0.99807,            0.059922,            0.052017,           0.0073429,           0.0027767,            0.065128,            0.005809,            0.005809,            0.005809
                 129,            0.018998,            0.010295,             0.10696,           0.0077031,             0.99807,            0.059214,            0.051321,           0.0073651,           0.0027827,            0.065185,            0.005776,            0.005776,            0.005776
                 130,            0.018814,            0.010356,             0.10634,           0.0077062,             0.99807,             0.05952,            0.051459,           0.0073892,           0.0027878,            0.065238,            0.005743,            0.005743,            0.005743
                 131,             0.01867,            0.010299,             0.10628,           0.0077053,             0.99807,            0.059844,             0.05175,           0.0074092,           0.0027936,             0.06528,             0.00571,             0.00571,             0.00571
                 132,            0.018744,            0.010264,             0.10648,           0.0077063,             0.99807,            0.059806,            0.051638,           0.0074226,           0.0027985,            0.065317,            0.005677,            0.005677,            0.005677
                 133,            0.018648,            0.010277,             0.10588,           0.0077092,             0.99807,            0.059409,            0.051291,           0.0074431,           0.0028034,            0.065356,            0.005644,            0.005644,            0.005644
                 134,            0.018808,            0.010405,             0.10598,           0.0077156,             0.99807,            0.059982,            0.051877,           0.0074699,           0.0028086,            0.065399,            0.005611,            0.005611,            0.005611
                 135,            0.018393,            0.010208,             0.10616,           0.0077226,             0.99807,            0.059691,            0.051599,            0.007496,           0.0028133,            0.065439,            0.005578,            0.005578,            0.005578
                 136,            0.018839,            0.010243,             0.10607,           0.0077251,             0.99807,            0.059066,            0.051204,           0.0075236,           0.0028214,            0.065475,            0.005545,            0.005545,            0.005545
                 137,            0.018604,            0.010235,             0.10574,           0.0077249,             0.99705,            0.058589,            0.050728,           0.0075407,           0.0028285,            0.065522,            0.005512,            0.005512,            0.005512
                 138,            0.018587,            0.010274,              0.1061,           0.0077263,             0.99649,            0.058774,            0.050912,           0.0075623,           0.0028351,            0.065573,            0.005479,            0.005479,            0.005479
                 139,            0.018581,             0.01036,             0.10601,           0.0077342,             0.99649,            0.058753,            0.050886,           0.0075888,           0.0028419,            0.065624,            0.005446,            0.005446,            0.005446
                 140,            0.018574,            0.010306,             0.10557,           0.0077401,             0.99649,            0.058825,             0.05098,           0.0076129,           0.0028472,            0.065677,            0.005413,            0.005413,            0.005413
                 141,            0.018109,            0.010074,              0.1057,           0.0077508,             0.99649,            0.059145,             0.05142,           0.0076394,           0.0028526,            0.065716,             0.00538,             0.00538,             0.00538
                 142,            0.018426,            0.010142,             0.10587,           0.0077675,             0.99649,             0.05928,            0.051493,           0.0076684,           0.0028587,            0.065774,            0.005347,            0.005347,            0.005347
                 143,            0.018209,            0.010205,             0.10576,           0.0077851,             0.99649,            0.058933,            0.051089,           0.0076975,           0.0028644,            0.065809,            0.005314,            0.005314,            0.005314
                 144,            0.018645,            0.010265,             0.10547,           0.0077959,             0.99649,            0.059302,            0.051503,           0.0077188,           0.0028692,             0.06584,            0.005281,            0.005281,            0.005281
                 145,            0.018533,            0.010152,             0.10545,            0.007809,             0.99649,            0.059488,             0.05166,           0.0077427,           0.0028758,            0.065877,            0.005248,            0.005248,            0.005248
                 146,            0.018736,            0.010285,             0.10547,           0.0078232,             0.99649,            0.059416,            0.051625,           0.0077595,           0.0028812,            0.065927,            0.005215,            0.005215,            0.005215
                 147,            0.018646,            0.010222,             0.10543,            0.007838,             0.99649,            0.058571,            0.050885,           0.0077783,           0.0028866,            0.065957,            0.005182,            0.005182,            0.005182
                 148,            0.018212,             0.01007,             0.10538,           0.0078515,             0.99649,            0.058768,            0.051083,           0.0077944,           0.0028911,            0.065979,            0.005149,            0.005149,            0.005149
                 149,            0.018005,            0.010032,             0.10552,           0.0078683,             0.99649,            0.058674,             0.05107,           0.0078103,           0.0028946,            0.066004,            0.005116,            0.005116,            0.005116
                 150,            0.018432,            0.010229,             0.10553,           0.0078846,             0.99649,             0.05886,            0.051296,           0.0078256,           0.0028989,             0.06602,            0.005083,            0.005083,            0.005083
                 151,            0.018098,              0.0101,              0.1054,           0.0079078,             0.99649,            0.058916,            0.051414,           0.0078422,           0.0029039,             0.06605,             0.00505,             0.00505,             0.00505
                 152,            0.018413,            0.010147,             0.10527,           0.0079145,             0.99649,            0.058952,            0.051435,           0.0078448,           0.0029066,            0.066045,            0.005017,            0.005017,            0.005017
                 153,            0.018417,            0.010228,             0.10523,           0.0079314,             0.99649,             0.05866,            0.051213,           0.0078472,           0.0029092,            0.066062,            0.004984,            0.004984,            0.004984
                 154,            0.018423,            0.010185,             0.10505,           0.0079516,             0.99649,            0.058465,            0.050986,            0.007861,           0.0029109,            0.066078,            0.004951,            0.004951,            0.004951
                 155,            0.018064,            0.010172,             0.10521,           0.0079667,             0.99649,            0.058499,            0.051041,           0.0078734,           0.0029162,            0.066107,            0.004918,            0.004918,            0.004918
                 156,            0.018083,            0.010074,             0.10493,            0.007986,             0.99649,            0.058391,            0.050904,           0.0078823,           0.0029216,            0.066137,            0.004885,            0.004885,            0.004885
                 157,            0.018344,           0.0099911,             0.10487,           0.0080091,             0.99649,            0.058461,            0.050981,           0.0078899,           0.0029248,            0.066164,            0.004852,            0.004852,            0.004852
                 158,            0.018446,            0.010093,             0.10488,           0.0080365,             0.99649,            0.058458,            0.051011,           0.0079068,           0.0029273,            0.066171,            0.004819,            0.004819,            0.004819
                 159,            0.018202,            0.010152,             0.10508,            0.008062,             0.99649,            0.058201,            0.050791,           0.0079163,           0.0029297,            0.066179,            0.004786,            0.004786,            0.004786
                 160,            0.018244,            0.010141,             0.10462,           0.0080873,               0.997,            0.058348,            0.050928,           0.0079242,           0.0029311,            0.066164,            0.004753,            0.004753,            0.004753
                 161,            0.018083,            0.010136,             0.10475,           0.0081179,               0.997,             0.05807,            0.050684,           0.0079299,           0.0029311,            0.066171,             0.00472,             0.00472,             0.00472
                 162,            0.018328,            0.010056,             0.10446,           0.0081401,               0.997,            0.059067,            0.051703,           0.0079386,           0.0029337,            0.066172,            0.004687,            0.004687,            0.004687
                 163,            0.017978,            0.010041,             0.10408,           0.0081662,               0.997,            0.059009,             0.05168,           0.0079388,           0.0029338,            0.066178,            0.004654,            0.004654,            0.004654
                 164,            0.017873,           0.0099695,             0.10402,           0.0081852,               0.997,            0.058628,            0.051341,           0.0079419,           0.0029338,            0.066171,            0.004621,            0.004621,            0.004621
                 165,            0.018118,            0.010012,             0.10416,           0.0082055,             0.99615,            0.058524,            0.051328,           0.0079403,           0.0029338,            0.066183,            0.004588,            0.004588,            0.004588
                 166,            0.018226,            0.010077,              0.1044,           0.0082254,             0.99615,            0.058334,            0.050942,           0.0079405,           0.0029334,            0.066189,            0.004555,            0.004555,            0.004555
                 167,            0.018059,            0.010046,              0.1038,           0.0082452,             0.99615,            0.058442,            0.051012,           0.0079374,           0.0029341,            0.066211,            0.004522,            0.004522,            0.004522
                 168,            0.018134,            0.010058,              0.1038,           0.0082665,             0.99615,            0.058386,            0.051195,           0.0079405,           0.0029304,            0.066192,            0.004489,            0.004489,            0.004489
                 169,            0.017923,           0.0099177,             0.10357,           0.0082877,             0.99615,            0.058631,            0.051428,           0.0079284,           0.0029298,            0.066189,            0.004456,            0.004456,            0.004456
                 170,            0.017901,            0.010021,             0.10324,           0.0083115,             0.99615,            0.058776,            0.051557,           0.0079337,           0.0029304,             0.06618,            0.004423,            0.004423,            0.004423
                 171,             0.01799,            0.010093,             0.10336,           0.0083353,             0.99615,            0.058992,            0.051861,           0.0079343,             0.00293,             0.06618,             0.00439,             0.00439,             0.00439
                 172,            0.018266,            0.010089,             0.10344,           0.0083543,             0.99615,            0.059278,            0.052104,           0.0079338,           0.0029287,            0.066138,            0.004357,            0.004357,            0.004357
                 173,            0.018026,            0.010128,             0.10374,           0.0083717,             0.99563,             0.05908,            0.051737,           0.0079471,             0.00293,            0.066117,            0.004324,            0.004324,            0.004324
                 174,            0.017905,            0.010005,             0.10339,           0.0083934,             0.99563,            0.059116,            0.051903,           0.0079457,             0.00293,            0.066106,            0.004291,            0.004291,            0.004291
                 175,            0.017836,           0.0098654,             0.10279,           0.0084145,             0.99563,            0.059275,            0.052007,            0.007942,           0.0029296,            0.066081,            0.004258,            0.004258,            0.004258
                 176,            0.017892,           0.0099748,             0.10307,           0.0084375,             0.99563,            0.059751,             0.05249,           0.0079393,           0.0029322,            0.066061,            0.004225,            0.004225,            0.004225
                 177,            0.017729,           0.0099805,             0.10268,           0.0084609,             0.99563,            0.060058,            0.052724,           0.0079382,           0.0029347,            0.066047,            0.004192,            0.004192,            0.004192
                 178,            0.017771,           0.0098857,             0.10288,           0.0084738,             0.99563,            0.060323,            0.053001,            0.007941,           0.0029365,            0.066019,            0.004159,            0.004159,            0.004159
                 179,            0.017745,           0.0099116,             0.10272,           0.0084881,             0.99512,            0.060194,            0.052793,           0.0079403,           0.0029373,            0.065998,            0.004126,            0.004126,            0.004126
                 180,            0.018063,           0.0098465,             0.10304,           0.0085021,             0.99512,            0.060862,            0.053429,           0.0079482,           0.0029382,            0.065958,            0.004093,            0.004093,            0.004093
                 181,            0.017694,           0.0099903,             0.10293,           0.0085235,             0.99512,            0.061262,            0.053733,           0.0079491,           0.0029398,            0.065909,             0.00406,             0.00406,             0.00406
                 182,            0.017829,           0.0098755,             0.10282,           0.0085325,             0.99512,            0.061007,             0.05352,           0.0079486,           0.0029396,            0.065858,            0.004027,            0.004027,            0.004027
                 183,            0.017911,           0.0099218,             0.10284,           0.0085484,             0.99512,            0.061606,            0.054137,           0.0079479,           0.0029405,             0.06582,            0.003994,            0.003994,            0.003994
                 184,            0.017566,            0.009858,             0.10301,            0.008568,             0.99512,            0.061788,            0.054247,           0.0079464,           0.0029387,            0.065774,            0.003961,            0.003961,            0.003961
                 185,            0.017752,           0.0099012,             0.10268,           0.0085813,             0.99512,            0.062267,            0.054761,           0.0079452,           0.0029369,            0.065731,            0.003928,            0.003928,            0.003928
                 186,            0.017555,           0.0099175,              0.1023,           0.0085957,             0.99512,            0.062243,             0.05465,           0.0079448,           0.0029369,            0.065689,            0.003895,            0.003895,            0.003895
                 187,            0.017919,           0.0099734,              0.1025,           0.0086151,             0.99449,            0.063081,            0.055241,           0.0079479,           0.0029367,            0.065671,            0.003862,            0.003862,            0.003862
                 188,            0.017649,           0.0097986,             0.10235,           0.0086195,             0.99449,            0.062788,             0.05497,           0.0079444,           0.0029347,            0.065628,            0.003829,            0.003829,            0.003829
                 189,            0.017503,           0.0099548,             0.10223,           0.0086321,             0.99449,            0.063456,            0.055467,           0.0079537,            0.002935,            0.065577,            0.003796,            0.003796,            0.003796
                 190,            0.017707,           0.0099171,             0.10215,           0.0086447,             0.99449,            0.064184,            0.056133,           0.0079604,           0.0029351,            0.065536,            0.003763,            0.003763,            0.003763
                 191,             0.01762,           0.0098745,             0.10222,           0.0086497,             0.99551,            0.064045,            0.056007,           0.0079726,           0.0029364,            0.065465,             0.00373,             0.00373,             0.00373
                 192,             0.01746,           0.0098522,             0.10201,           0.0086499,             0.99551,             0.06448,            0.056302,           0.0079818,            0.002936,            0.065395,            0.003697,            0.003697,            0.003697
                 193,            0.017304,           0.0097162,             0.10192,           0.0086703,             0.99551,            0.064556,            0.056263,           0.0079825,           0.0029353,            0.065369,            0.003664,            0.003664,            0.003664
                 194,            0.017495,           0.0098142,             0.10188,           0.0086719,             0.99551,            0.064593,            0.056209,            0.007985,           0.0029326,            0.065297,            0.003631,            0.003631,            0.003631
                 195,            0.017543,           0.0098234,             0.10183,             0.01112,             0.97896,            0.065309,            0.056841,           0.0079878,           0.0029322,            0.065222,            0.003598,            0.003598,            0.003598
                 196,            0.017411,           0.0098246,             0.10149,            0.013614,             0.95391,            0.065304,            0.056898,           0.0079933,            0.002931,            0.065149,            0.003565,            0.003565,            0.003565
                 197,            0.017537,           0.0098138,             0.10171,            0.013569,             0.95468,             0.06609,            0.057395,           0.0079948,           0.0029311,            0.065063,            0.003532,            0.003532,            0.003532
                 198,            0.017371,           0.0098282,             0.10189,            0.015931,             0.91076,            0.066439,            0.057802,           0.0080032,           0.0029318,            0.064995,            0.003499,            0.003499,            0.003499
                 199,             0.01743,           0.0097779,              0.1019,            0.015905,              0.9166,            0.066346,            0.057739,           0.0080004,           0.0029299,            0.064893,            0.003466,            0.003466,            0.003466
                 200,            0.017256,           0.0098023,             0.10162,             0.01586,             0.91957,             0.06709,            0.058429,           0.0080087,           0.0029297,            0.064801,            0.003433,            0.003433,            0.003433
                 201,            0.017484,           0.0096737,             0.10146,            0.018055,             0.85949,            0.066776,            0.058085,           0.0080077,           0.0029283,            0.064731,              0.0034,              0.0034,              0.0034
                 202,             0.01735,           0.0097558,             0.10135,            0.018007,             0.86445,            0.067041,            0.058258,           0.0080114,           0.0029272,            0.064658,            0.003367,            0.003367,            0.003367
                 203,            0.017283,           0.0098218,             0.10126,            0.020226,             0.79857,            0.067639,            0.058745,           0.0080102,           0.0029254,            0.064579,            0.003334,            0.003334,            0.003334
                 204,            0.017327,           0.0097356,              0.1014,            0.020238,             0.80572,            0.068085,             0.05922,            0.008001,           0.0029238,            0.064496,            0.003301,            0.003301,            0.003301
                 205,            0.017339,           0.0097379,             0.10124,            0.020253,             0.81208,              0.0684,            0.059502,           0.0079976,           0.0029218,            0.064422,            0.003268,            0.003268,            0.003268
                 206,            0.017284,           0.0098504,             0.10133,            0.022159,             0.73231,            0.069394,            0.060421,           0.0079932,           0.0029205,             0.06435,            0.003235,            0.003235,            0.003235
                 207,            0.017176,           0.0097057,             0.10113,            0.029429,             0.67605,            0.070206,            0.061107,           0.0079858,           0.0029173,            0.064274,            0.003202,            0.003202,            0.003202
                 208,            0.017245,           0.0097401,             0.10121,            0.029308,             0.68023,            0.070359,            0.061147,           0.0079804,           0.0029182,            0.064195,            0.003169,            0.003169,            0.003169
                 209,            0.017065,           0.0096899,              0.1008,            0.036714,             0.63332,            0.071177,            0.061959,           0.0079784,           0.0029187,            0.064117,            0.003136,            0.003136,            0.003136
                 210,            0.017085,           0.0096512,             0.10092,            0.036676,             0.63808,             0.07147,            0.062327,           0.0079717,           0.0029181,            0.064033,            0.003103,            0.003103,            0.003103
                 211,             0.01711,           0.0097617,             0.10056,            0.036381,             0.64069,            0.071743,            0.062443,           0.0079678,           0.0029183,            0.063971,             0.00307,             0.00307,             0.00307
                 212,            0.017043,           0.0095581,              0.1007,             0.04765,             0.59259,             0.07231,            0.063133,           0.0079658,           0.0029169,            0.063898,            0.003037,            0.003037,            0.003037
                 213,            0.017374,           0.0096501,             0.10056,            0.047801,             0.59877,            0.072507,            0.063364,           0.0079627,           0.0029153,            0.063828,            0.003004,            0.003004,            0.003004
                 214,            0.017142,           0.0096553,             0.10049,            0.069865,             0.55682,            0.073027,             0.06383,           0.0079653,           0.0029133,            0.063733,            0.002971,            0.002971,            0.002971
                 215,            0.017192,           0.0096324,             0.10061,             0.10667,             0.50653,            0.073717,            0.064403,           0.0079609,           0.0029119,            0.063664,            0.002938,            0.002938,            0.002938
                 216,            0.017012,           0.0096076,             0.10065,             0.12448,             0.47243,             0.07443,            0.065051,            0.007952,           0.0029113,            0.063595,            0.002905,            0.002905,            0.002905
                 217,            0.017083,           0.0095557,             0.10029,             0.14882,             0.42857,            0.074643,             0.06523,           0.0079518,           0.0029109,            0.063527,            0.002872,            0.002872,            0.002872
                 218,            0.016898,           0.0096511,              0.1002,              0.1722,             0.39871,            0.075137,            0.065657,           0.0079428,           0.0029095,            0.063434,            0.002839,            0.002839,            0.002839
                 219,            0.017063,           0.0096403,             0.10003,             0.20111,             0.37492,            0.075774,            0.066192,           0.0079418,           0.0029092,            0.063336,            0.002806,            0.002806,            0.002806
                 220,            0.016698,           0.0095483,            0.099944,             0.20234,             0.37793,            0.076393,            0.066724,           0.0079404,           0.0029091,            0.063252,            0.002773,            0.002773,            0.002773
                 221,            0.016743,            0.009528,             0.10005,             0.20361,             0.38409,            0.077264,            0.067513,           0.0079374,           0.0029087,            0.063194,             0.00274,             0.00274,             0.00274
                 222,            0.016947,           0.0095632,            0.099988,             0.22108,             0.36288,            0.077371,            0.067485,           0.0079269,           0.0029069,            0.063098,            0.002707,            0.002707,            0.002707
                 223,             0.01654,           0.0095156,            0.099648,             0.24051,             0.33346,            0.078086,            0.068199,           0.0079201,           0.0029058,            0.063001,            0.002674,            0.002674,            0.002674
                 224,            0.016768,           0.0096419,            0.099582,             0.28054,             0.31104,            0.078409,            0.068511,           0.0079139,           0.0029045,            0.062928,            0.002641,            0.002641,            0.002641
                 225,            0.016768,           0.0095831,            0.099498,             0.27777,             0.31543,            0.079081,            0.069105,           0.0079106,           0.0029049,            0.062862,            0.002608,            0.002608,            0.002608
                 226,             0.01687,           0.0095114,            0.099687,             0.27245,             0.32012,            0.078775,             0.06876,           0.0079071,           0.0029035,            0.062743,            0.002575,            0.002575,            0.002575
                 227,            0.016627,           0.0095591,            0.099282,             0.27265,             0.32229,            0.080136,            0.070105,           0.0079003,           0.0029032,            0.062671,            0.002542,            0.002542,            0.002542
                 228,            0.016561,           0.0094784,            0.099408,              0.2922,             0.30626,            0.081332,            0.071109,           0.0078881,           0.0029014,            0.062589,            0.002509,            0.002509,            0.002509
                 229,            0.016648,            0.009376,            0.099224,             0.31909,             0.28721,            0.082206,            0.071887,           0.0078831,           0.0029007,            0.062474,            0.002476,            0.002476,            0.002476
                 230,            0.016705,           0.0095175,             0.09919,             0.25422,             0.33219,            0.082364,            0.072047,           0.0078721,           0.0028999,            0.062391,            0.002443,            0.002443,            0.002443
                 231,            0.016521,           0.0095593,             0.09891,             0.34849,             0.27719,            0.082511,            0.072191,           0.0078582,            0.002897,            0.062282,             0.00241,             0.00241,             0.00241
                 232,            0.016662,           0.0095322,            0.099163,             0.37111,             0.26745,            0.083725,            0.073249,           0.0078486,           0.0028978,            0.062194,            0.002377,            0.002377,            0.002377
                 233,            0.016704,           0.0095191,            0.098787,             0.38716,               0.255,            0.084917,            0.074275,           0.0078354,           0.0028971,             0.06211,            0.002344,            0.002344,            0.002344
                 234,            0.016504,           0.0094834,             0.09871,              0.3834,             0.26037,            0.086188,            0.075468,           0.0078216,           0.0028963,            0.062013,            0.002311,            0.002311,            0.002311
                 235,            0.016639,             0.00944,            0.098948,             0.37373,              0.2614,            0.087518,            0.076573,           0.0078079,           0.0028943,             0.06193,            0.002278,            0.002278,            0.002278
                 236,             0.01666,           0.0094799,            0.098263,             0.39751,             0.25187,            0.088449,            0.077411,           0.0077997,           0.0028934,            0.061854,            0.002245,            0.002245,            0.002245
                 237,            0.016587,           0.0094436,            0.098266,             0.44241,             0.24266,            0.089727,             0.07857,           0.0077893,           0.0028922,            0.061779,            0.002212,            0.002212,            0.002212
                 238,            0.016552,           0.0094813,             0.09854,             0.43829,             0.24466,             0.09062,            0.079342,           0.0077798,            0.002894,            0.061713,            0.002179,            0.002179,            0.002179
                 239,            0.016527,           0.0093298,            0.098647,             0.38454,             0.26161,             0.09187,            0.080497,           0.0077719,           0.0028957,            0.061643,            0.002146,            0.002146,            0.002146
                 240,            0.016583,           0.0094375,            0.098408,             0.37914,             0.26328,            0.092628,             0.08119,           0.0077509,           0.0028929,            0.061585,            0.002113,            0.002113,            0.002113
                 241,            0.016619,           0.0094224,              0.0984,             0.41445,             0.25345,            0.093739,            0.082168,           0.0077329,           0.0028926,            0.061519,             0.00208,             0.00208,             0.00208
                 242,            0.016369,           0.0093744,            0.098233,             0.40965,             0.25627,            0.094673,            0.083045,           0.0077229,           0.0028932,             0.06144,            0.002047,            0.002047,            0.002047
                 243,            0.016301,           0.0093082,            0.097853,             0.43144,             0.24176,            0.094826,            0.083458,           0.0077019,           0.0028918,            0.061363,            0.002014,            0.002014,            0.002014
                 244,            0.016554,            0.009353,            0.097994,             0.49732,             0.20558,            0.095915,             0.08434,            0.007687,           0.0028907,            0.061277,            0.001981,            0.001981,            0.001981
                 245,            0.016311,           0.0093808,            0.098167,             0.47041,              0.2143,            0.096517,             0.08487,           0.0076715,            0.002889,            0.061192,            0.001948,            0.001948,            0.001948
                 246,            0.016131,           0.0093157,            0.097907,             0.50419,             0.20115,            0.097064,             0.08568,           0.0076581,            0.002888,            0.061108,            0.001915,            0.001915,            0.001915
                 247,            0.016265,           0.0093002,            0.097949,             0.50413,             0.20378,            0.098075,            0.086613,            0.007642,            0.002885,            0.061012,            0.001882,            0.001882,            0.001882
                 248,            0.016132,           0.0092344,            0.097372,             0.51044,             0.19765,            0.099016,            0.087481,            0.007628,           0.0028841,            0.060925,            0.001849,            0.001849,            0.001849
                 249,            0.016139,           0.0093066,            0.097596,             0.50528,              0.1982,             0.09969,            0.088126,            0.007613,           0.0028833,            0.060835,            0.001816,            0.001816,            0.001816
                 250,            0.016258,           0.0093839,             0.09722,             0.51172,             0.19469,              0.1005,            0.088839,           0.0075979,           0.0028825,            0.060761,            0.001783,            0.001783,            0.001783
                 251,            0.016141,           0.0093261,            0.097217,             0.51127,             0.19372,             0.10143,              0.0896,           0.0075845,           0.0028828,            0.060677,             0.00175,             0.00175,             0.00175
                 252,            0.016117,            0.009365,            0.097077,             0.51723,             0.18743,             0.10233,            0.090638,           0.0075731,           0.0028855,            0.060595,            0.001717,            0.001717,            0.001717
                 253,            0.016296,           0.0092252,            0.097557,             0.50563,             0.19481,             0.10245,            0.090817,           0.0075582,           0.0028864,            0.060535,            0.001684,            0.001684,            0.001684
                 254,              0.0161,           0.0092451,            0.097031,             0.51731,             0.18877,             0.10343,            0.091712,            0.007543,           0.0028882,            0.060469,            0.001651,            0.001651,            0.001651
                 255,            0.016059,           0.0092109,            0.097142,              0.5175,             0.19026,             0.10379,            0.092068,           0.0075252,           0.0028893,             0.06039,            0.001618,            0.001618,            0.001618
                 256,            0.015881,           0.0091948,            0.097068,             0.51761,             0.18331,             0.10465,            0.092823,           0.0075056,           0.0028877,            0.060316,            0.001585,            0.001585,            0.001585
                 257,            0.015816,           0.0092658,            0.096636,             0.51772,             0.18483,             0.10506,            0.093259,           0.0074899,           0.0028874,            0.060248,            0.001552,            0.001552,            0.001552
                 258,            0.015829,           0.0091965,            0.096505,             0.52696,             0.17669,             0.10555,            0.093651,           0.0074783,           0.0028884,            0.060176,            0.001519,            0.001519,            0.001519
                 259,            0.015901,           0.0091715,            0.096576,             0.52171,             0.17872,             0.10645,            0.094479,           0.0074627,            0.002888,            0.060097,            0.001486,            0.001486,            0.001486
                 260,            0.015712,           0.0092215,            0.095999,             0.52712,             0.17204,             0.10656,            0.094589,           0.0074485,           0.0028875,            0.060027,            0.001453,            0.001453,            0.001453
                 261,            0.015639,            0.009107,            0.096163,             0.53366,             0.16904,             0.10766,            0.095616,           0.0074375,           0.0028877,            0.059935,             0.00142,             0.00142,             0.00142
                 262,            0.015641,            0.009133,            0.096504,             0.54609,             0.15866,             0.10864,            0.096524,           0.0074201,           0.0028867,            0.059853,            0.001387,            0.001387,            0.001387
                 263,            0.015655,           0.0092162,            0.096328,             0.55256,             0.15546,             0.10905,             0.09703,           0.0074083,           0.0028878,            0.059792,            0.001354,            0.001354,            0.001354
                 264,            0.015708,           0.0091302,            0.096155,             0.56411,             0.15279,             0.11017,            0.097857,           0.0073911,           0.0028869,            0.059726,            0.001321,            0.001321,            0.001321
                 265,            0.015622,           0.0091643,            0.095984,             0.57542,             0.14906,             0.11115,            0.098886,           0.0073781,           0.0028853,            0.059642,            0.001288,            0.001288,            0.001288
                 266,            0.015596,           0.0090884,            0.095562,             0.57435,             0.14288,             0.11123,            0.099006,           0.0073577,           0.0028834,             0.05958,            0.001255,            0.001255,            0.001255
                 267,            0.015495,           0.0090156,            0.095658,             0.56991,             0.14958,             0.11148,            0.099188,           0.0073453,           0.0028827,            0.059523,            0.001222,            0.001222,            0.001222
                 268,            0.015613,           0.0090267,            0.095606,             0.60339,             0.13636,             0.11264,             0.10036,           0.0073272,             0.00288,            0.059453,            0.001189,            0.001189,            0.001189
                 269,            0.015392,           0.0090866,            0.095693,             0.61506,             0.13025,             0.11435,             0.10174,           0.0073104,           0.0028792,            0.059375,            0.001156,            0.001156,            0.001156
                 270,            0.015205,            0.008873,            0.095422,             0.59095,             0.13822,             0.11473,             0.10228,           0.0072973,           0.0028781,            0.059302,            0.001123,            0.001123,            0.001123
                 271,            0.015384,           0.0090414,            0.095232,             0.59108,             0.13918,              0.1153,             0.10262,            0.007286,            0.002878,            0.059235,             0.00109,             0.00109,             0.00109
                 272,            0.015403,            0.009002,            0.094973,             0.59271,             0.13355,             0.11654,             0.10373,           0.0072732,            0.002877,            0.059154,            0.001057,            0.001057,            0.001057
                 273,            0.015435,           0.0089881,            0.095079,             0.59113,              0.1382,             0.11678,             0.10409,           0.0072604,           0.0028774,            0.059089,            0.001024,            0.001024,            0.001024
                 274,            0.015376,           0.0089671,            0.095105,             0.59106,             0.13915,             0.11673,             0.10391,           0.0072496,           0.0028773,            0.059029,            0.000991,            0.000991,            0.000991
                 275,            0.015338,           0.0089623,            0.094841,             0.59117,             0.13347,             0.11807,             0.10488,           0.0072376,           0.0028784,            0.058979,            0.000958,            0.000958,            0.000958
                 276,             0.01523,           0.0089363,            0.094749,               0.591,              0.1276,             0.11857,             0.10519,           0.0072279,           0.0028783,            0.058926,            0.000925,            0.000925,            0.000925
                 277,            0.015211,            0.008925,            0.094836,             0.59185,             0.12808,              0.1185,             0.10498,            0.007221,           0.0028774,            0.058858,            0.000892,            0.000892,            0.000892
                 278,            0.015172,           0.0088873,            0.094606,             0.62793,             0.11572,              0.1194,             0.10569,           0.0072158,           0.0028764,            0.058785,            0.000859,            0.000859,            0.000859
                 279,            0.015074,           0.0089159,            0.094667,              0.6274,             0.11641,             0.11987,             0.10607,           0.0072056,           0.0028742,            0.058723,            0.000826,            0.000826,            0.000826
                 280,             0.01526,           0.0089616,            0.094687,             0.62757,             0.11743,             0.12099,             0.10733,           0.0071959,           0.0028733,            0.058662,            0.000793,            0.000793,            0.000793
                 281,            0.015207,           0.0088133,            0.094085,             0.62752,             0.11842,             0.12225,             0.10853,           0.0071862,           0.0028719,            0.058599,             0.00076,             0.00076,             0.00076
                 282,            0.014974,           0.0088583,            0.093983,             0.62755,             0.11911,             0.12297,             0.10926,           0.0071742,           0.0028703,            0.058532,            0.000727,            0.000727,            0.000727
                 283,            0.014985,           0.0088961,              0.0941,             0.61921,             0.12247,             0.12516,             0.11134,           0.0071678,           0.0028699,            0.058449,            0.000694,            0.000694,            0.000694
                 284,            0.014902,           0.0088311,            0.093892,             0.62474,             0.12365,             0.12711,             0.11314,           0.0071603,           0.0028686,            0.058362,            0.000661,            0.000661,            0.000661
                 285,            0.014733,           0.0087174,            0.094007,             0.62537,             0.12471,             0.12765,             0.11363,           0.0071526,           0.0028671,            0.058295,            0.000628,            0.000628,            0.000628
                 286,            0.014858,           0.0088319,            0.093812,             0.62024,             0.12529,             0.12873,             0.11456,           0.0071456,           0.0028668,            0.058203,            0.000595,            0.000595,            0.000595
                 287,            0.014945,           0.0088569,            0.094014,              0.6212,             0.12722,             0.12993,             0.11566,            0.007139,           0.0028667,            0.058122,            0.000562,            0.000562,            0.000562
                 288,            0.014763,           0.0088052,            0.093475,             0.62202,             0.12896,             0.12983,             0.11555,           0.0071302,           0.0028676,            0.058037,            0.000529,            0.000529,            0.000529
                 289,            0.014729,           0.0087867,            0.093006,             0.63564,             0.12357,             0.13068,             0.11635,           0.0071272,           0.0028684,            0.057952,            0.000496,            0.000496,            0.000496
                 290,            0.014605,           0.0087755,            0.093342,             0.63592,              0.1257,             0.13139,             0.11699,           0.0071211,             0.00287,            0.057873,            0.000463,            0.000463,            0.000463
                 291,            0.014698,           0.0087221,            0.093215,             0.62505,             0.12779,             0.13229,             0.11778,           0.0071138,           0.0028688,            0.057786,             0.00043,             0.00043,             0.00043
                 292,            0.014424,           0.0086721,            0.092784,             0.61938,             0.12776,             0.13283,             0.11823,           0.0071086,           0.0028713,            0.057719,            0.000397,            0.000397,            0.000397
                 293,             0.01435,           0.0086787,             0.09285,             0.61824,             0.12874,             0.13446,              0.1196,           0.0071069,           0.0028698,            0.057634,            0.000364,            0.000364,            0.000364
                 294,            0.014457,           0.0086962,            0.092703,             0.61712,             0.13028,             0.13527,             0.12024,           0.0071043,           0.0028708,            0.057543,            0.000331,            0.000331,            0.000331
                 295,            0.014528,            0.008683,            0.092828,             0.61215,             0.13147,             0.13702,             0.12187,           0.0070965,           0.0028707,            0.057456,            0.000298,            0.000298,            0.000298
                 296,            0.014402,           0.0086687,            0.092294,             0.61146,             0.13259,             0.13825,             0.12302,           0.0070889,           0.0028681,            0.057375,            0.000265,            0.000265,            0.000265
                 297,            0.014246,           0.0086414,            0.092573,             0.60429,             0.13412,             0.13902,             0.12376,           0.0070866,           0.0028656,            0.057306,            0.000232,            0.000232,            0.000232
                 298,             0.01412,           0.0085933,            0.092434,             0.59733,             0.13525,             0.14032,             0.12494,           0.0070808,           0.0028636,            0.057221,            0.000199,            0.000199,            0.000199
                 299,            0.014309,           0.0086767,            0.092921,             0.58563,             0.13733,             0.14226,             0.12665,           0.0070728,            0.002858,            0.057124,            0.000166,            0.000166,            0.000166
